Keywords,Recommendations
IT,IT
TECH,IT
CODING,IT
PORTAL,IT
CMS,IT
ILLUSTRATION,GRAPHIC DESIGN
POSTERS,GRAPHIC DESIGN
SIGNAGE,GRAPHIC DESIGN
LOGO,GRAPHIC DESIGN
Interior Design,GRAPHIC DESIGN
Programming,Computer Science
Web,Computer Science
Cloud,Computer Science
Apps,Computer Science
Machine Learning,Computer Science
Artificial Intelligence,Computer Science
Hardware,Computer Science
Computer Vision,Computer Vision
Computer Vision,Computer Science
AR,Computer Science
VR,Computer Science
AR,Computer Vision
VR,Computer Vision
5G,IT
TECH,Computer Science
PORTAL,Computer Science
Big Data,Computer Science
Big Data,iot
Big Data,IT
Front End,HCI
Interface,HCI
Sensors,iot
Sensors,Engineering
Hardware,Engineering
Machines,Engineering
Gadgets,Engineering
Gadgets,Healtcare
Music,Music
Videography,Music
Music,Cinematography
Videography,Cinematography
Finance,Business
Real Estate,Business
Crypto,Business
Crypto,Computer Science
Amazon,Business
Amazon,Business
Bitcoin,Business
Bitcoin,Computer Science
ether,Computer Science
ether,Blockchain
etherium,Computer Science
etherium,Blockchain
UI UX,HCI
microchips,Engineering
microchips,Computer Science
nano technology,Computer Science
nano technology,Computer Science
Management System,Crowd Funding
NGO,Crowd Funding
Management System,Business
Management System,Computer System
iot,Engineering
Future Tech,Engineering
Biomechanics,Engineering
Bionics,Engineering
Product Design,GRAPHIC DESIGN
automation,Computer Science
automation,Engineering
health support,Medical
Health Care,Medical
Robotics,Medical
smartphones,Medical
smartphones,Engineering
smartphones,Computer Science
Softwares,Computer Science
investments,Business
drop shipping,Business
marketing,Business
Interior Design,Architecture
Construction,Architecture
Construction,Engineering
Modelling,Architecture
Smart Homes,Architecture
Smart Homes,iot
Websites,Computer Science
Websites,Business
Websites,Marketing
Websites,GRAPHIC DESIGN
Quality Assurance,Computer Science
QA,Computer Science
QA,Business
Digital Art,GRAPHIC DESIGN
Digital Art,Computer Science
Digital Marketing,GRAPHIC DESIGN
Digital Marketing,Business
Digital Marketing,Marketing
Control Systems,Engineering
Branding,Business
Branding,GRAPHIC DESIGN
